id,parent_id,start,end,activity,type,description,title,speaker,speaker_title,institution
1,,09:30,09:45,Workshop Introduction,organizer,"Opening remarks, workshop goals, and agenda overview",,
4,,09:50,10:40,Keynote Presentation,keynote,,As we may think next: immersive sense making from the memex to the chatbot,Mario Romero,Senior Associate Professor,Linköping University
2,,10:50,11:05,Paper Presentation 1,presentation,,,,,
2.1,2,10:50,11:05,Presentation 1,talk,"Presenter details to be confirmed",Supporting the Development of Designers Rather Than Designs: The Role of AI in Design Decisions for Immersive Analytics, Presenter: Ingela Rossing
3,,11:05,11:25,Coffee Break,break,"Coffee break, informal networking, and optional demo showcase",,
2b,,11:25,11:40,Paper Presentation 2,presentation,,,,,
2.2,2b,11:25,11:40,Presentation 2,talk,"Presenter details to be confirmed",Where Are We with J.A.R.V.I.S.? An Analysis of Diegetic Human-AI Interaction and Design Implications for Real-World Systems,Presenter: Mario Romero
4.1,,11:40,11:50,Break & Setup for Group Work,transition,"Short transition break and room setup for group work",,
5,,11:50,12:50,Theme-Based Group Work,group-work,"Small-group discussions around workshop themes, opportunities, and challenges",,
6,,12:50,13:00,Future Work and Wrap-Up,organizer,"Workshop synthesis, research agenda, and future collaboration roadmap",,
7,,13:00,14:00,Lunch,break,"Networking continues over lunch",,
